,simple_annual_profit,simple_£_kW_year,optimised_annual_profit,optimised_£_kW_year
2016,1287863.215325,12.87863215325,1674138.079604736,16.74138079604736
2017,847781.16,8.4778116,1088028.5206992894,10.880285206992895
2018,700567.194155986,7.00567194155986,1016134.6121497245,10.161346121497244
2019,492626.85,4.9262685,922423.0723918176,9.224230723918176
2020,434253.79175833333,4.342537917583333,1186471.7277699371,11.864717277699372
2021,764643.6375,7.6464363749999995,3588092.771748739,35.88092771748739
2022,1086553.3,10.865533000000001,4753496.6767417705,47.53496676741771
2023,308843.675,3.08843675,1279882.97621594,12.7988297621594
